<?xml version='1.0' encoding='UTF-8' standalone='no'?>
<doxygen xmlns:xsi="http://www.w3.org/2001/XMLSchema-instance" xsi:noNamespaceSchemaLocation="compound.xsd" version="1.10.0" xml:lang="ru">
  <compounddef id="_debug_2net8_80-windows_2process_8_assembly_info_8cs" kind="file" language="C#">
    <compoundname>process.AssemblyInfo.cs</compoundname>
    <briefdescription>
    </briefdescription>
    <detaileddescription>
    </detaileddescription>
    <programlisting>
<codeline lineno="1"><highlight class="comment">//------------------------------------------------------------------------------</highlight><highlight class="normal"></highlight></codeline>
<codeline lineno="2"><highlight class="normal"></highlight><highlight class="comment">//<sp/>&lt;auto-generated&gt;</highlight><highlight class="normal"></highlight></codeline>
<codeline lineno="3"><highlight class="normal"></highlight><highlight class="comment">//<sp/><sp/><sp/><sp/><sp/>Этот<sp/>код<sp/>создан<sp/>программой.</highlight><highlight class="normal"></highlight></codeline>
<codeline lineno="4"><highlight class="normal"></highlight><highlight class="comment">//<sp/><sp/><sp/><sp/><sp/>Исполняемая<sp/>версия:4.0.30319.42000</highlight><highlight class="normal"></highlight></codeline>
<codeline lineno="5"><highlight class="normal"></highlight><highlight class="comment">//</highlight><highlight class="normal"></highlight></codeline>
<codeline lineno="6"><highlight class="normal"></highlight><highlight class="comment">//<sp/><sp/><sp/><sp/><sp/>Изменения<sp/>в<sp/>этом<sp/>файле<sp/>могут<sp/>привести<sp/>к<sp/>неправильной<sp/>работе<sp/>и<sp/>будут<sp/>потеряны<sp/>в<sp/>случае</highlight><highlight class="normal"></highlight></codeline>
<codeline lineno="7"><highlight class="normal"></highlight><highlight class="comment">//<sp/><sp/><sp/><sp/><sp/>повторной<sp/>генерации<sp/>кода.</highlight><highlight class="normal"></highlight></codeline>
<codeline lineno="8"><highlight class="normal"></highlight><highlight class="comment">//<sp/>&lt;/auto-generated&gt;</highlight><highlight class="normal"></highlight></codeline>
<codeline lineno="9"><highlight class="normal"></highlight><highlight class="comment">//------------------------------------------------------------------------------</highlight><highlight class="normal"></highlight></codeline>
<codeline lineno="10"><highlight class="normal"></highlight></codeline>
<codeline lineno="11"><highlight class="normal"></highlight><highlight class="keyword">using<sp/></highlight><highlight class="normal">System;</highlight></codeline>
<codeline lineno="12"><highlight class="normal"></highlight><highlight class="keyword">using<sp/></highlight><highlight class="normal">System.Reflection;</highlight></codeline>
<codeline lineno="13"><highlight class="normal"></highlight></codeline>
<codeline lineno="14"><highlight class="normal">[assembly:<sp/>System.Reflection.AssemblyCompanyAttribute(</highlight><highlight class="stringliteral">&quot;process&quot;</highlight><highlight class="normal">)]</highlight></codeline>
<codeline lineno="15"><highlight class="normal">[assembly:<sp/>System.Reflection.AssemblyConfigurationAttribute(</highlight><highlight class="stringliteral">&quot;Debug&quot;</highlight><highlight class="normal">)]</highlight></codeline>
<codeline lineno="16"><highlight class="normal">[assembly:<sp/>System.Reflection.AssemblyFileVersionAttribute(</highlight><highlight class="stringliteral">&quot;1.0.0.0&quot;</highlight><highlight class="normal">)]</highlight></codeline>
<codeline lineno="17"><highlight class="normal">[assembly:<sp/>System.Reflection.AssemblyInformationalVersionAttribute(</highlight><highlight class="stringliteral">&quot;1.0.0&quot;</highlight><highlight class="normal">)]</highlight></codeline>
<codeline lineno="18"><highlight class="normal">[assembly:<sp/>System.Reflection.AssemblyProductAttribute(</highlight><highlight class="stringliteral">&quot;process&quot;</highlight><highlight class="normal">)]</highlight></codeline>
<codeline lineno="19"><highlight class="normal">[assembly:<sp/>System.Reflection.AssemblyTitleAttribute(</highlight><highlight class="stringliteral">&quot;process&quot;</highlight><highlight class="normal">)]</highlight></codeline>
<codeline lineno="20"><highlight class="normal">[assembly:<sp/>System.Reflection.AssemblyVersionAttribute(</highlight><highlight class="stringliteral">&quot;1.0.0.0&quot;</highlight><highlight class="normal">)]</highlight></codeline>
<codeline lineno="21"><highlight class="normal">[assembly:<sp/>System.Runtime.Versioning.TargetPlatformAttribute(</highlight><highlight class="stringliteral">&quot;Windows7.0&quot;</highlight><highlight class="normal">)]</highlight></codeline>
<codeline lineno="22"><highlight class="normal">[assembly:<sp/>System.Runtime.Versioning.SupportedOSPlatformAttribute(</highlight><highlight class="stringliteral">&quot;Windows7.0&quot;</highlight><highlight class="normal">)]</highlight></codeline>
<codeline lineno="23"><highlight class="normal"></highlight></codeline>
<codeline lineno="24"><highlight class="normal"></highlight><highlight class="comment">//<sp/>Создано<sp/>классом<sp/>WriteCodeFragment<sp/>MSBuild.</highlight><highlight class="normal"></highlight></codeline>
<codeline lineno="25"><highlight class="normal"></highlight></codeline>
    </programlisting>
    <location file="obj/Debug/net8.0-windows/process.AssemblyInfo.cs"/>
  </compounddef>
</doxygen>
