<?xml version='1.0' encoding='UTF-8' standalone='no'?>
<doxygen xmlns:xsi="http://www.w3.org/2001/XMLSchema-instance" xsi:noNamespaceSchemaLocation="compound.xsd" version="1.10.0" xml:lang="ru">
  <compounddef id="_release_2net8_80-windows_2process_8_global_usings_8g_8cs" kind="file" language="C#">
    <compoundname>process.GlobalUsings.g.cs</compoundname>
    <briefdescription>
    </briefdescription>
    <detaileddescription>
    </detaileddescription>
    <programlisting>
<codeline lineno="1"><highlight class="comment">//<sp/>&lt;auto-generated/&gt;</highlight><highlight class="normal"></highlight></codeline>
<codeline lineno="2"><highlight class="normal">global<sp/></highlight><highlight class="keyword">using<sp/></highlight><highlight class="normal">global::System;</highlight></codeline>
<codeline lineno="3"><highlight class="normal">global<sp/></highlight><highlight class="keyword">using<sp/></highlight><highlight class="normal">global::System.Collections.Generic;</highlight></codeline>
<codeline lineno="4"><highlight class="normal">global<sp/></highlight><highlight class="keyword">using<sp/></highlight><highlight class="normal">global::System.Drawing;</highlight></codeline>
<codeline lineno="5"><highlight class="normal">global<sp/></highlight><highlight class="keyword">using<sp/></highlight><highlight class="normal">global::System.IO;</highlight></codeline>
<codeline lineno="6"><highlight class="normal">global<sp/></highlight><highlight class="keyword">using<sp/></highlight><highlight class="normal">global::System.Linq;</highlight></codeline>
<codeline lineno="7"><highlight class="normal">global<sp/></highlight><highlight class="keyword">using<sp/></highlight><highlight class="normal">global::System.Net.Http;</highlight></codeline>
<codeline lineno="8"><highlight class="normal">global<sp/></highlight><highlight class="keyword">using<sp/></highlight><highlight class="normal">global::System.Threading;</highlight></codeline>
<codeline lineno="9"><highlight class="normal">global<sp/></highlight><highlight class="keyword">using<sp/></highlight><highlight class="normal">global::System.Threading.Tasks;</highlight></codeline>
<codeline lineno="10"><highlight class="normal">global<sp/></highlight><highlight class="keyword">using<sp/></highlight><highlight class="normal">global::System.Windows.Forms;</highlight></codeline>
    </programlisting>
    <location file="obj/Release/net8.0-windows/process.GlobalUsings.g.cs"/>
  </compounddef>
</doxygen>
