<?xml version='1.0' encoding='UTF-8' standalone='no'?>
<doxygen xmlns:xsi="http://www.w3.org/2001/XMLSchema-instance" xsi:noNamespaceSchemaLocation="compound.xsd" version="1.10.0" xml:lang="en-US">
  <compounddef id="classprocess_1_1_program" kind="class" language="C#" prot="package">
    <compoundname>process::Program</compoundname>
    <sectiondef kind="private-static-func">
      <memberdef kind="function" id="classprocess_1_1_program_1a4e3d1841b9bbd264ef29222a3b55fd48" prot="private" static="yes" const="no" explicit="no" inline="yes" virt="non-virtual">
        <type>void</type>
        <definition>static void process.Program.Main</definition>
        <argsstring>()</argsstring>
        <name>Main</name>
        <qualifiedname>process.Program.Main</qualifiedname>
        <briefdescription>
<para>The main entry point for the application. </para>
        </briefdescription>
        <detaileddescription>
        </detaileddescription>
        <inbodydescription>
        </inbodydescription>
        <location file="Program.cs" line="9" column="21" bodyfile="Program.cs" bodystart="9" bodyend="15"/>
      </memberdef>
    </sectiondef>
    <briefdescription>
    </briefdescription>
    <detaileddescription>
    </detaileddescription>
    <location file="Program.cs" line="3" column="21" bodyfile="Program.cs" bodystart="4" bodyend="16"/>
    <listofallmembers>
      <member refid="classprocess_1_1_program_1a4e3d1841b9bbd264ef29222a3b55fd48" prot="private" virt="non-virtual"><scope>process::Program</scope><name>Main</name></member>
    </listofallmembers>
  </compounddef>
</doxygen>
