<?xml version='1.0' encoding='UTF-8' standalone='no'?>
<doxygen xmlns:xsi="http://www.w3.org/2001/XMLSchema-instance" xsi:noNamespaceSchemaLocation="compound.xsd" version="1.10.0" xml:lang="ru">
  <compounddef id="dir_5e31dd54f12682bec7b38465079f24ee" kind="dir">
    <compoundname>obj/Release/net8.0-windows</compoundname>
    <innerfile refid="_release_2net8_80-windows_2_8_n_e_t_core_app_00_version_0av8_80_8_assembly_attributes_8cs">.NETCoreApp,Version=v8.0.AssemblyAttributes.cs</innerfile>
    <innerfile refid="_release_2net8_80-windows_2process_8_assembly_info_8cs">process.AssemblyInfo.cs</innerfile>
    <innerfile refid="_release_2net8_80-windows_2process_8_global_usings_8g_8cs">process.GlobalUsings.g.cs</innerfile>
    <briefdescription>
    </briefdescription>
    <detaileddescription>
    </detaileddescription>
    <location file="obj/Release/net8.0-windows/"/>
  </compounddef>
</doxygen>
