<?xml version='1.0' encoding='UTF-8' standalone='no'?>
<doxygen xmlns:xsi="http://www.w3.org/2001/XMLSchema-instance" xsi:noNamespaceSchemaLocation="compound.xsd" version="1.10.0" xml:lang="ru">
  <compounddef id="dir_9fe5cc214b8578ee5b8e153089aca810" kind="dir">
    <compoundname>obj/Release</compoundname>
    <innerdir refid="dir_5e31dd54f12682bec7b38465079f24ee">obj/Release/net8.0-windows</innerdir>
    <briefdescription>
    </briefdescription>
    <detaileddescription>
    </detaileddescription>
    <location file="obj/Release/"/>
  </compounddef>
</doxygen>
