<?xml version='1.0' encoding='UTF-8' standalone='no'?>
<doxygen xmlns:xsi="http://www.w3.org/2001/XMLSchema-instance" xsi:noNamespaceSchemaLocation="compound.xsd" version="1.10.0" xml:lang="ru">
  <compounddef id="namespaceglobal_1_1_system_1_1_threading" kind="namespace" language="C#">
    <compoundname>global::System::Threading</compoundname>
    <briefdescription>
    </briefdescription>
    <detaileddescription>
    </detaileddescription>
    <location file="obj/Debug/net8.0-windows/process.GlobalUsings.g.cs" line="8" column="38"/>
  </compounddef>
</doxygen>
