<?xml version='1.0' encoding='UTF-8' standalone='no'?>
<doxygen xmlns:xsi="http://www.w3.org/2001/XMLSchema-instance" xsi:noNamespaceSchemaLocation="compound.xsd" version="1.10.0" xml:lang="en-US">
  <compounddef id="namespace_microsoft_1_1_visual_basic" kind="namespace" language="C#">
    <compoundname>Microsoft::VisualBasic</compoundname>
    <briefdescription>
    </briefdescription>
    <detaileddescription>
    </detaileddescription>
    <location file="Form2.cs" line="1" column="28"/>
  </compounddef>
</doxygen>
